Solvent_SMILES,Solute_SMILES,Temp
CCCCCCC,CCCCCC1=CC(=C2C(=C1)OC(C3=C2C=C(C=C3)C)(C)C)O,298.15
CCCCCC,CCCCCC1=CC(=C2C(=C1)OC(C3=C2C=C(C=C3)C)(C)C)O,298.15
CO,CCCCCC1=CC(=C2C(=C1)OC(C3=C2C=C(C=C3)C)(C)C)O,298.15
CCO,CCCCCC1=CC(=C2C(=C1)OC(C3=C2C=C(C=C3)C)(C)C)O,298.15
CC(C)O,CCCCCC1=CC(=C2C(=C1)OC(C3=C2C=C(C=C3)C)(C)C)O,298.15
CC(=O)C,CCCCCC1=CC(=C2C(=C1)OC(C3=C2C=C(C=C3)C)(C)C)O,298.15
CC#N,CCCCCC1=CC(=C2C(=C1)OC(C3=C2C=C(C=C3)C)(C)C)O,298.15
CS(=O)C,CCCCCC1=CC(=C2C(=C1)OC(C3=C2C=C(C=C3)C)(C)C)O,298.15
CCC,CCCCCC1=CC(=C2C(=C1)OC(C3=C2C=C(C=C3)C)(C)C)O,298.15
CCCC,CCCCCC1=CC(=C2C(=C1)OC(C3=C2C=C(C=C3)C)(C)C)O,298.15
C(F)(F)C(F)F,CCCCCC1=CC(=C2C(=C1)OC(C3=C2C=C(C=C3)C)(C)C)O,298.15
O=C=O,CCCCCC1=CC(=C2C(=C1)OC(C3=C2C=C(C=C3)C)(C)C)O,298.15
CCCCCCCC(=O)O,CCCCCC1=CC(=C2C(=C1)OC(C3=C2C=C(C=C3)C)(C)C)O,298.15
CCCCCCCCCC(=O)O,CCCCCC1=CC(=C2C(=C1)OC(C3=C2C=C(C=C3)C)(C)C)O,298.15
CCCCCCC,CCCCCC1=CC(=C2C(=C1)OC3=C(C=CC(=C23)C(C)C)C)O,298.15
CCCCCC,CCCCCC1=CC(=C2C(=C1)OC3=C(C=CC(=C23)C(C)C)C)O,298.15
CO,CCCCCC1=CC(=C2C(=C1)OC3=C(C=CC(=C23)C(C)C)C)O,298.15
CCO,CCCCCC1=CC(=C2C(=C1)OC3=C(C=CC(=C23)C(C)C)C)O,298.15
CC(C)O,CCCCCC1=CC(=C2C(=C1)OC3=C(C=CC(=C23)C(C)C)C)O,298.15
CC(=O)C,CCCCCC1=CC(=C2C(=C1)OC3=C(C=CC(=C23)C(C)C)C)O,298.15
CC#N,CCCCCC1=CC(=C2C(=C1)OC3=C(C=CC(=C23)C(C)C)C)O,298.15
CS(=O)C,CCCCCC1=CC(=C2C(=C1)OC3=C(C=CC(=C23)C(C)C)C)O,298.15
CCC,CCCCCC1=CC(=C2C(=C1)OC3=C(C=CC(=C23)C(C)C)C)O,298.15
CCCC,CCCCCC1=CC(=C2C(=C1)OC3=C(C=CC(=C23)C(C)C)C)O,298.15
C(F)(F)C(F)F,CCCCCC1=CC(=C2C(=C1)OC3=C(C=CC(=C23)C(C)C)C)O,298.15
O=C=O,CCCCCC1=CC(=C2C(=C1)OC3=C(C=CC(=C23)C(C)C)C)O,298.15
CCCCCCCC(=O)O,CCCCCC1=CC(=C2C(=C1)OC3=C(C=CC(=C23)C(C)C)C)O,298.15
CCCCCCCCCC(=O)O,CCCCCC1=CC(=C2C(=C1)OC3=C(C=CC(=C23)C(C)C)C)O,298.15
CCCCCCC,CCCCCC1=CC(=C(C(C=C1)O)C2=C(C=CC(=C2)C)C(=C)C)O,298.15
CCCCCC,CCCCCC1=CC(=C(C(C=C1)O)C2=C(C=CC(=C2)C)C(=C)C)O,298.15
CO,CCCCCC1=CC(=C(C(C=C1)O)C2=C(C=CC(=C2)C)C(=C)C)O,298.15
CCO,CCCCCC1=CC(=C(C(C=C1)O)C2=C(C=CC(=C2)C)C(=C)C)O,298.15
CC(C)O,CCCCCC1=CC(=C(C(C=C1)O)C2=C(C=CC(=C2)C)C(=C)C)O,298.15
CC(=O)C,CCCCCC1=CC(=C(C(C=C1)O)C2=C(C=CC(=C2)C)C(=C)C)O,298.15
CC#N,CCCCCC1=CC(=C(C(C=C1)O)C2=C(C=CC(=C2)C)C(=C)C)O,298.15
CS(=O)C,CCCCCC1=CC(=C(C(C=C1)O)C2=C(C=CC(=C2)C)C(=C)C)O,298.15
CCC,CCCCCC1=CC(=C(C(C=C1)O)C2=C(C=CC(=C2)C)C(=C)C)O,298.15
CCCC,CCCCCC1=CC(=C(C(C=C1)O)C2=C(C=CC(=C2)C)C(=C)C)O,298.15
C(F)(F)C(F)F,CCCCCC1=CC(=C(C(C=C1)O)C2=C(C=CC(=C2)C)C(=C)C)O,298.15
O=C=O,CCCCCC1=CC(=C(C(C=C1)O)C2=C(C=CC(=C2)C)C(=C)C)O,298.15
CCCCCCCC(=O)O,CCCCCC1=CC(=C(C(C=C1)O)C2=C(C=CC(=C2)C)C(=C)C)O,298.15
CCCCCCCCCC(=O)O,CCCCCC1=CC(=C(C(C=C1)O)C2=C(C=CC(=C2)C)C(=C)C)O,298.15
CCCCCCC,CCCCCC1=CC2=C(C3=C(C=CC(=C3)C)C(O2)(C)C)C(=C1C(=O)O)O,298.15
CCCCCC,CCCCCC1=CC2=C(C3=C(C=CC(=C3)C)C(O2)(C)C)C(=C1C(=O)O)O,298.15
CO,CCCCCC1=CC2=C(C3=C(C=CC(=C3)C)C(O2)(C)C)C(=C1C(=O)O)O,298.15
CCO,CCCCCC1=CC2=C(C3=C(C=CC(=C3)C)C(O2)(C)C)C(=C1C(=O)O)O,298.15
CC(C)O,CCCCCC1=CC2=C(C3=C(C=CC(=C3)C)C(O2)(C)C)C(=C1C(=O)O)O,298.15
CC(=O)C,CCCCCC1=CC2=C(C3=C(C=CC(=C3)C)C(O2)(C)C)C(=C1C(=O)O)O,298.15
CC#N,CCCCCC1=CC2=C(C3=C(C=CC(=C3)C)C(O2)(C)C)C(=C1C(=O)O)O,298.15
CS(=O)C,CCCCCC1=CC2=C(C3=C(C=CC(=C3)C)C(O2)(C)C)C(=C1C(=O)O)O,298.15
CCC,CCCCCC1=CC2=C(C3=C(C=CC(=C3)C)C(O2)(C)C)C(=C1C(=O)O)O,298.15
CCCC,CCCCCC1=CC2=C(C3=C(C=CC(=C3)C)C(O2)(C)C)C(=C1C(=O)O)O,298.15
C(F)(F)C(F)F,CCCCCC1=CC2=C(C3=C(C=CC(=C3)C)C(O2)(C)C)C(=C1C(=O)O)O,298.15
O=C=O,CCCCCC1=CC2=C(C3=C(C=CC(=C3)C)C(O2)(C)C)C(=C1C(=O)O)O,298.15
CCCCCCCC(=O)O,CCCCCC1=CC2=C(C3=C(C=CC(=C3)C)C(O2)(C)C)C(=C1C(=O)O)O,298.15
CCCCCCCCCC(=O)O,CCCCCC1=CC2=C(C3=C(C=CC(=C3)C)C(O2)(C)C)C(=C1C(=O)O)O,298.15
CCCCCCC,CC(C=C1)=CC2=C1C(C)(C)OC3=C2C(OC(C)=O)=CC(CCCCC)=C3,298.15
CCCCCC,CC(C=C1)=CC2=C1C(C)(C)OC3=C2C(OC(C)=O)=CC(CCCCC)=C3,298.15
CO,CC(C=C1)=CC2=C1C(C)(C)OC3=C2C(OC(C)=O)=CC(CCCCC)=C3,298.15
CCO,CC(C=C1)=CC2=C1C(C)(C)OC3=C2C(OC(C)=O)=CC(CCCCC)=C3,298.15
CC(C)O,CC(C=C1)=CC2=C1C(C)(C)OC3=C2C(OC(C)=O)=CC(CCCCC)=C3,298.15
CC(=O)C,CC(C=C1)=CC2=C1C(C)(C)OC3=C2C(OC(C)=O)=CC(CCCCC)=C3,298.15
CC#N,CC(C=C1)=CC2=C1C(C)(C)OC3=C2C(OC(C)=O)=CC(CCCCC)=C3,298.15
CS(=O)C,CC(C=C1)=CC2=C1C(C)(C)OC3=C2C(OC(C)=O)=CC(CCCCC)=C3,298.15
CCC,CC(C=C1)=CC2=C1C(C)(C)OC3=C2C(OC(C)=O)=CC(CCCCC)=C3,298.15
CCCC,CC(C=C1)=CC2=C1C(C)(C)OC3=C2C(OC(C)=O)=CC(CCCCC)=C3,298.15
C(F)(F)C(F)F,CC(C=C1)=CC2=C1C(C)(C)OC3=C2C(OC(C)=O)=CC(CCCCC)=C3,298.15
O=C=O,CC(C=C1)=CC2=C1C(C)(C)OC3=C2C(OC(C)=O)=CC(CCCCC)=C3,298.15
CCCCCCCC(=O)O,CC(C=C1)=CC2=C1C(C)(C)OC3=C2C(OC(C)=O)=CC(CCCCC)=C3,298.15
CCCCCCCCCC(=O)O,CC(C=C1)=CC2=C1C(C)(C)OC3=C2C(OC(C)=O)=CC(CCCCC)=C3,298.15
CCCCCCC,CCCCCC1=CC(=C2C(=C1)OC(C3=C2C=C(C=C3)CO)(C)C)O,298.15
CCCCCC,CCCCCC1=CC(=C2C(=C1)OC(C3=C2C=C(C=C3)CO)(C)C)O,298.15
CO,CCCCCC1=CC(=C2C(=C1)OC(C3=C2C=C(C=C3)CO)(C)C)O,298.15
CCO,CCCCCC1=CC(=C2C(=C1)OC(C3=C2C=C(C=C3)CO)(C)C)O,298.15
CC(C)O,CCCCCC1=CC(=C2C(=C1)OC(C3=C2C=C(C=C3)CO)(C)C)O,298.15
CC(=O)C,CCCCCC1=CC(=C2C(=C1)OC(C3=C2C=C(C=C3)CO)(C)C)O,298.15
CC#N,CCCCCC1=CC(=C2C(=C1)OC(C3=C2C=C(C=C3)CO)(C)C)O,298.15
CS(=O)C,CCCCCC1=CC(=C2C(=C1)OC(C3=C2C=C(C=C3)CO)(C)C)O,298.15
CCC,CCCCCC1=CC(=C2C(=C1)OC(C3=C2C=C(C=C3)CO)(C)C)O,298.15
CCCC,CCCCCC1=CC(=C2C(=C1)OC(C3=C2C=C(C=C3)CO)(C)C)O,298.15
C(F)(F)C(F)F,CCCCCC1=CC(=C2C(=C1)OC(C3=C2C=C(C=C3)CO)(C)C)O,298.15
O=C=O,CCCCCC1=CC(=C2C(=C1)OC(C3=C2C=C(C=C3)CO)(C)C)O,298.15
CCCCCCCC(=O)O,CCCCCC1=CC(=C2C(=C1)OC(C3=C2C=C(C=C3)CO)(C)C)O,298.15
CCCCCCCCCC(=O)O,CCCCCC1=CC(=C2C(=C1)OC(C3=C2C=C(C=C3)CO)(C)C)O,298.15
CCCCCCC,CC(C=C1)=CC2=C1C(C)(C)OC3=C2C(O)=CC(C(O)CCCC)=C3,298.15
CCCCCC,CC(C=C1)=CC2=C1C(C)(C)OC3=C2C(O)=CC(C(O)CCCC)=C3,298.15
CO,CC(C=C1)=CC2=C1C(C)(C)OC3=C2C(O)=CC(C(O)CCCC)=C3,298.15
CCO,CC(C=C1)=CC2=C1C(C)(C)OC3=C2C(O)=CC(C(O)CCCC)=C3,298.15
CC(C)O,CC(C=C1)=CC2=C1C(C)(C)OC3=C2C(O)=CC(C(O)CCCC)=C3,298.15
CC(=O)C,CC(C=C1)=CC2=C1C(C)(C)OC3=C2C(O)=CC(C(O)CCCC)=C3,298.15
CC#N,CC(C=C1)=CC2=C1C(C)(C)OC3=C2C(O)=CC(C(O)CCCC)=C3,298.15
CS(=O)C,CC(C=C1)=CC2=C1C(C)(C)OC3=C2C(O)=CC(C(O)CCCC)=C3,298.15
CCC,CC(C=C1)=CC2=C1C(C)(C)OC3=C2C(O)=CC(C(O)CCCC)=C3,298.15
CCCC,CC(C=C1)=CC2=C1C(C)(C)OC3=C2C(O)=CC(C(O)CCCC)=C3,298.15
C(F)(F)C(F)F,CC(C=C1)=CC2=C1C(C)(C)OC3=C2C(O)=CC(C(O)CCCC)=C3,298.15
O=C=O,CC(C=C1)=CC2=C1C(C)(C)OC3=C2C(O)=CC(C(O)CCCC)=C3,298.15
CCCCCCCC(=O)O,CC(C=C1)=CC2=C1C(C)(C)OC3=C2C(O)=CC(C(O)CCCC)=C3,298.15
CCCCCCCCCC(=O)O,CC(C=C1)=CC2=C1C(C)(C)OC3=C2C(O)=CC(C(O)CCCC)=C3,298.15
CCCCCCC,CC(C(O)=C1)=CC2=C1C(C)(C)OC3=C2C(O)=CC(CCCCC)=C3,298.15
CCCCCC,CC(C(O)=C1)=CC2=C1C(C)(C)OC3=C2C(O)=CC(CCCCC)=C3,298.15
CO,CC(C(O)=C1)=CC2=C1C(C)(C)OC3=C2C(O)=CC(CCCCC)=C3,298.15
CCO,CC(C(O)=C1)=CC2=C1C(C)(C)OC3=C2C(O)=CC(CCCCC)=C3,298.15
CC(C)O,CC(C(O)=C1)=CC2=C1C(C)(C)OC3=C2C(O)=CC(CCCCC)=C3,298.15
CC(=O)C,CC(C(O)=C1)=CC2=C1C(C)(C)OC3=C2C(O)=CC(CCCCC)=C3,298.15
CC#N,CC(C(O)=C1)=CC2=C1C(C)(C)OC3=C2C(O)=CC(CCCCC)=C3,298.15
CS(=O)C,CC(C(O)=C1)=CC2=C1C(C)(C)OC3=C2C(O)=CC(CCCCC)=C3,298.15
CCC,CC(C(O)=C1)=CC2=C1C(C)(C)OC3=C2C(O)=CC(CCCCC)=C3,298.15
CCCC,CC(C(O)=C1)=CC2=C1C(C)(C)OC3=C2C(O)=CC(CCCCC)=C3,298.15
C(F)(F)C(F)F,CC(C(O)=C1)=CC2=C1C(C)(C)OC3=C2C(O)=CC(CCCCC)=C3,298.15
O=C=O,CC(C(O)=C1)=CC2=C1C(C)(C)OC3=C2C(O)=CC(CCCCC)=C3,298.15
CCCCCCCC(=O)O,CC(C(O)=C1)=CC2=C1C(C)(C)OC3=C2C(O)=CC(CCCCC)=C3,298.15
CCCCCCCCCC(=O)O,CC(C(O)=C1)=CC2=C1C(C)(C)OC3=C2C(O)=CC(CCCCC)=C3,298.15
CCCCCCC,CCCCCC1=CC(O)=C([C@@H]2[C@H](C(C)=C)CCC(C)=C2)C(O)=C1,298.15
CCCCCC,CCCCCC1=CC(O)=C([C@@H]2[C@H](C(C)=C)CCC(C)=C2)C(O)=C1,298.15
CO,CCCCCC1=CC(O)=C([C@@H]2[C@H](C(C)=C)CCC(C)=C2)C(O)=C1,298.15
CCO,CCCCCC1=CC(O)=C([C@@H]2[C@H](C(C)=C)CCC(C)=C2)C(O)=C1,298.15
CC(C)O,CCCCCC1=CC(O)=C([C@@H]2[C@H](C(C)=C)CCC(C)=C2)C(O)=C1,298.15
CC(=O)C,CCCCCC1=CC(O)=C([C@@H]2[C@H](C(C)=C)CCC(C)=C2)C(O)=C1,298.15
CC#N,CCCCCC1=CC(O)=C([C@@H]2[C@H](C(C)=C)CCC(C)=C2)C(O)=C1,298.15
CS(=O)C,CCCCCC1=CC(O)=C([C@@H]2[C@H](C(C)=C)CCC(C)=C2)C(O)=C1,298.15
CCC,CCCCCC1=CC(O)=C([C@@H]2[C@H](C(C)=C)CCC(C)=C2)C(O)=C1,298.15
CCCC,CCCCCC1=CC(O)=C([C@@H]2[C@H](C(C)=C)CCC(C)=C2)C(O)=C1,298.15
C(F)(F)C(F)F,CCCCCC1=CC(O)=C([C@@H]2[C@H](C(C)=C)CCC(C)=C2)C(O)=C1,298.15
O=C=O,CCCCCC1=CC(O)=C([C@@H]2[C@H](C(C)=C)CCC(C)=C2)C(O)=C1,298.15
CCCCCCCC(=O)O,CCCCCC1=CC(O)=C([C@@H]2[C@H](C(C)=C)CCC(C)=C2)C(O)=C1,298.15
CCCCCCCCCC(=O)O,CCCCCC1=CC(O)=C([C@@H]2[C@H](C(C)=C)CCC(C)=C2)C(O)=C1,298.15
CCCCCCC,NS(=O)(=O)c1nnc(s1)NC(=O)C,298.15
CCCCCC,NS(=O)(=O)c1nnc(s1)NC(=O)C,298.15
CO,NS(=O)(=O)c1nnc(s1)NC(=O)C,298.15
CCO,NS(=O)(=O)c1nnc(s1)NC(=O)C,298.15
CC(C)O,NS(=O)(=O)c1nnc(s1)NC(=O)C,298.15
CC(=O)C,NS(=O)(=O)c1nnc(s1)NC(=O)C,298.15
CC#N,NS(=O)(=O)c1nnc(s1)NC(=O)C,298.15
CS(=O)C,NS(=O)(=O)c1nnc(s1)NC(=O)C,298.15
CCC,NS(=O)(=O)c1nnc(s1)NC(=O)C,298.15
CCCC,NS(=O)(=O)c1nnc(s1)NC(=O)C,298.15
C(F)(F)C(F)F,NS(=O)(=O)c1nnc(s1)NC(=O)C,298.15
O=C=O,NS(=O)(=O)c1nnc(s1)NC(=O)C,298.15
CCCCCCCC(=O)O,NS(=O)(=O)c1nnc(s1)NC(=O)C,298.15
CCCCCCCCCC(=O)O,NS(=O)(=O)c1nnc(s1)NC(=O)C,298.15
CCCCCCC,COC1=CC2=C(NC=C2CCNC(C)=O)C=C1,298.15
CCCCCC,COC1=CC2=C(NC=C2CCNC(C)=O)C=C1,298.15
CO,COC1=CC2=C(NC=C2CCNC(C)=O)C=C1,298.15
CCO,COC1=CC2=C(NC=C2CCNC(C)=O)C=C1,298.15
CC(C)O,COC1=CC2=C(NC=C2CCNC(C)=O)C=C1,298.15
CC(=O)C,COC1=CC2=C(NC=C2CCNC(C)=O)C=C1,298.15
CC#N,COC1=CC2=C(NC=C2CCNC(C)=O)C=C1,298.15
CS(=O)C,COC1=CC2=C(NC=C2CCNC(C)=O)C=C1,298.15
CCC,COC1=CC2=C(NC=C2CCNC(C)=O)C=C1,298.15
CCCC,COC1=CC2=C(NC=C2CCNC(C)=O)C=C1,298.15
C(F)(F)C(F)F,COC1=CC2=C(NC=C2CCNC(C)=O)C=C1,298.15
O=C=O,COC1=CC2=C(NC=C2CCNC(C)=O)C=C1,298.15
CCCCCCCC(=O)O,COC1=CC2=C(NC=C2CCNC(C)=O)C=C1,298.15
CCCCCCCCCC(=O)O,COC1=CC2=C(NC=C2CCNC(C)=O)C=C1,298.15
CCCCCCC,CCCCCC1=CC(O)=C(C/C=C(C)/CC/C=C(C)\C)C(O)=C1,298.15
CCCCCC,CCCCCC1=CC(O)=C(C/C=C(C)/CC/C=C(C)\C)C(O)=C1,298.15
CO,CCCCCC1=CC(O)=C(C/C=C(C)/CC/C=C(C)\C)C(O)=C1,298.15
CCO,CCCCCC1=CC(O)=C(C/C=C(C)/CC/C=C(C)\C)C(O)=C1,298.15
CC(C)O,CCCCCC1=CC(O)=C(C/C=C(C)/CC/C=C(C)\C)C(O)=C1,298.15
CC(=O)C,CCCCCC1=CC(O)=C(C/C=C(C)/CC/C=C(C)\C)C(O)=C1,298.15
CC#N,CCCCCC1=CC(O)=C(C/C=C(C)/CC/C=C(C)\C)C(O)=C1,298.15
CS(=O)C,CCCCCC1=CC(O)=C(C/C=C(C)/CC/C=C(C)\C)C(O)=C1,298.15
CCC,CCCCCC1=CC(O)=C(C/C=C(C)/CC/C=C(C)\C)C(O)=C1,298.15
CCCC,CCCCCC1=CC(O)=C(C/C=C(C)/CC/C=C(C)\C)C(O)=C1,298.15
C(F)(F)C(F)F,CCCCCC1=CC(O)=C(C/C=C(C)/CC/C=C(C)\C)C(O)=C1,298.15
O=C=O,CCCCCC1=CC(O)=C(C/C=C(C)/CC/C=C(C)\C)C(O)=C1,298.15
CCCCCCCC(=O)O,CCCCCC1=CC(O)=C(C/C=C(C)/CC/C=C(C)\C)C(O)=C1,298.15
CCCCCCCCCC(=O)O,CCCCCC1=CC(O)=C(C/C=C(C)/CC/C=C(C)\C)C(O)=C1,298.15
CCCCCCC,CCCCCC1=CC(=C2[C@@H]3C=C(CC[C@H]3C(OC2=C1)(C)C)C)O,298.15
CCCCCC,CCCCCC1=CC(=C2[C@@H]3C=C(CC[C@H]3C(OC2=C1)(C)C)C)O,298.15
CO,CCCCCC1=CC(=C2[C@@H]3C=C(CC[C@H]3C(OC2=C1)(C)C)C)O,298.15
CCO,CCCCCC1=CC(=C2[C@@H]3C=C(CC[C@H]3C(OC2=C1)(C)C)C)O,298.15
CC(C)O,CCCCCC1=CC(=C2[C@@H]3C=C(CC[C@H]3C(OC2=C1)(C)C)C)O,298.15
CC(=O)C,CCCCCC1=CC(=C2[C@@H]3C=C(CC[C@H]3C(OC2=C1)(C)C)C)O,298.15
CC#N,CCCCCC1=CC(=C2[C@@H]3C=C(CC[C@H]3C(OC2=C1)(C)C)C)O,298.15
CS(=O)C,CCCCCC1=CC(=C2[C@@H]3C=C(CC[C@H]3C(OC2=C1)(C)C)C)O,298.15
CCC,CCCCCC1=CC(=C2[C@@H]3C=C(CC[C@H]3C(OC2=C1)(C)C)C)O,298.15
CCCC,CCCCCC1=CC(=C2[C@@H]3C=C(CC[C@H]3C(OC2=C1)(C)C)C)O,298.15
C(F)(F)C(F)F,CCCCCC1=CC(=C2[C@@H]3C=C(CC[C@H]3C(OC2=C1)(C)C)C)O,298.15
O=C=O,CCCCCC1=CC(=C2[C@@H]3C=C(CC[C@H]3C(OC2=C1)(C)C)C)O,298.15
CCCCCCCC(=O)O,CCCCCC1=CC(=C2[C@@H]3C=C(CC[C@H]3C(OC2=C1)(C)C)C)O,298.15
CCCCCCCCCC(=O)O,CCCCCC1=CC(=C2[C@@H]3C=C(CC[C@H]3C(OC2=C1)(C)C)C)O,298.15
CCCCCCC,CCCCCC1=CC2=C([C@@H]3C=C(CC[C@H]3C(O2)(C)C)C(=C1C(=O)O)O,298.15
CCCCCC,CCCCCC1=CC2=C([C@@H]3C=C(CC[C@H]3C(O2)(C)C)C(=C1C(=O)O)O,298.15
CO,CCCCCC1=CC2=C([C@@H]3C=C(CC[C@H]3C(O2)(C)C)C(=C1C(=O)O)O,298.15
CCO,CCCCCC1=CC2=C([C@@H]3C=C(CC[C@H]3C(O2)(C)C)C(=C1C(=O)O)O,298.15
CC(C)O,CCCCCC1=CC2=C([C@@H]3C=C(CC[C@H]3C(O2)(C)C)C(=C1C(=O)O)O,298.15
CC(=O)C,CCCCCC1=CC2=C([C@@H]3C=C(CC[C@H]3C(O2)(C)C)C(=C1C(=O)O)O,298.15
CC#N,CCCCCC1=CC2=C([C@@H]3C=C(CC[C@H]3C(O2)(C)C)C(=C1C(=O)O)O,298.15
CS(=O)C,CCCCCC1=CC2=C([C@@H]3C=C(CC[C@H]3C(O2)(C)C)C(=C1C(=O)O)O,298.15
CCC,CCCCCC1=CC2=C([C@@H]3C=C(CC[C@H]3C(O2)(C)C)C(=C1C(=O)O)O,298.15
CCCC,CCCCCC1=CC2=C([C@@H]3C=C(CC[C@H]3C(O2)(C)C)C(=C1C(=O)O)O,298.15
C(F)(F)C(F)F,CCCCCC1=CC2=C([C@@H]3C=C(CC[C@H]3C(O2)(C)C)C(=C1C(=O)O)O,298.15
O=C=O,CCCCCC1=CC2=C([C@@H]3C=C(CC[C@H]3C(O2)(C)C)C(=C1C(=O)O)O,298.15
CCCCCCCC(=O)O,CCCCCC1=CC2=C([C@@H]3C=C(CC[C@H]3C(O2)(C)C)C(=C1C(=O)O)O,298.15
CCCCCCCCCC(=O)O,CCCCCC1=CC2=C([C@@H]3C=C(CC[C@H]3C(O2)(C)C)C(=C1C(=O)O)O,298.15
CCCCCCC,CC1(C)[C@@H]2[H][C@](C[C@H](C)CC2)([H])C3=C(C=C(CCCCC)C=C3O)O1,298.15
CCCCCC,CC1(C)[C@@H]2[H][C@](C[C@H](C)CC2)([H])C3=C(C=C(CCCCC)C=C3O)O1,298.15
CO,CC1(C)[C@@H]2[H][C@](C[C@H](C)CC2)([H])C3=C(C=C(CCCCC)C=C3O)O1,298.15
CCO,CC1(C)[C@@H]2[H][C@](C[C@H](C)CC2)([H])C3=C(C=C(CCCCC)C=C3O)O1,298.15
CC(C)O,CC1(C)[C@@H]2[H][C@](C[C@H](C)CC2)([H])C3=C(C=C(CCCCC)C=C3O)O1,298.15
CC(=O)C,CC1(C)[C@@H]2[H][C@](C[C@H](C)CC2)([H])C3=C(C=C(CCCCC)C=C3O)O1,298.15
CC#N,CC1(C)[C@@H]2[H][C@](C[C@H](C)CC2)([H])C3=C(C=C(CCCCC)C=C3O)O1,298.15
CS(=O)C,CC1(C)[C@@H]2[H][C@](C[C@H](C)CC2)([H])C3=C(C=C(CCCCC)C=C3O)O1,298.15
CCC,CC1(C)[C@@H]2[H][C@](C[C@H](C)CC2)([H])C3=C(C=C(CCCCC)C=C3O)O1,298.15
CCCC,CC1(C)[C@@H]2[H][C@](C[C@H](C)CC2)([H])C3=C(C=C(CCCCC)C=C3O)O1,298.15
C(F)(F)C(F)F,CC1(C)[C@@H]2[H][C@](C[C@H](C)CC2)([H])C3=C(C=C(CCCCC)C=C3O)O1,298.15
O=C=O,CC1(C)[C@@H]2[H][C@](C[C@H](C)CC2)([H])C3=C(C=C(CCCCC)C=C3O)O1,298.15
CCCCCCCC(=O)O,CC1(C)[C@@H]2[H][C@](C[C@H](C)CC2)([H])C3=C(C=C(CCCCC)C=C3O)O1,298.15
CCCCCCCCCC(=O)O,CC1(C)[C@@H]2[H][C@](C[C@H](C)CC2)([H])C3=C(C=C(CCCCC)C=C3O)O1,298.15
CCCCCCC,CC1(C)[C@@H]2[H][C@](C[C@@H](C)CC2)([H])C3=C(C=C(CCCCC)C=C3O)O1,298.15
CCCCCC,CC1(C)[C@@H]2[H][C@](C[C@@H](C)CC2)([H])C3=C(C=C(CCCCC)C=C3O)O1,298.15
CO,CC1(C)[C@@H]2[H][C@](C[C@@H](C)CC2)([H])C3=C(C=C(CCCCC)C=C3O)O1,298.15
CCO,CC1(C)[C@@H]2[H][C@](C[C@@H](C)CC2)([H])C3=C(C=C(CCCCC)C=C3O)O1,298.15
CC(C)O,CC1(C)[C@@H]2[H][C@](C[C@@H](C)CC2)([H])C3=C(C=C(CCCCC)C=C3O)O1,298.15
CC(=O)C,CC1(C)[C@@H]2[H][C@](C[C@@H](C)CC2)([H])C3=C(C=C(CCCCC)C=C3O)O1,298.15
CC#N,CC1(C)[C@@H]2[H][C@](C[C@@H](C)CC2)([H])C3=C(C=C(CCCCC)C=C3O)O1,298.15
CS(=O)C,CC1(C)[C@@H]2[H][C@](C[C@@H](C)CC2)([H])C3=C(C=C(CCCCC)C=C3O)O1,298.15
CCC,CC1(C)[C@@H]2[H][C@](C[C@@H](C)CC2)([H])C3=C(C=C(CCCCC)C=C3O)O1,298.15
CCCC,CC1(C)[C@@H]2[H][C@](C[C@@H](C)CC2)([H])C3=C(C=C(CCCCC)C=C3O)O1,298.15
C(F)(F)C(F)F,CC1(C)[C@@H]2[H][C@](C[C@@H](C)CC2)([H])C3=C(C=C(CCCCC)C=C3O)O1,298.15
O=C=O,CC1(C)[C@@H]2[H][C@](C[C@@H](C)CC2)([H])C3=C(C=C(CCCCC)C=C3O)O1,298.15
CCCCCCCC(=O)O,CC1(C)[C@@H]2[H][C@](C[C@@H](C)CC2)([H])C3=C(C=C(CCCCC)C=C3O)O1,298.15
CCCCCCCCCC(=O)O,CC1(C)[C@@H]2[H][C@](C[C@@H](C)CC2)([H])C3=C(C=C(CCCCC)C=C3O)O1,298.15
CCCCCCC,C[C@@]12C[C@H]([C@H](C(C)C)CC2)C3=C(C=C(CCCCC)C=C3O)O1,298.15
CCCCCC,C[C@@]12C[C@H]([C@H](C(C)C)CC2)C3=C(C=C(CCCCC)C=C3O)O1,298.15
CO,C[C@@]12C[C@H]([C@H](C(C)C)CC2)C3=C(C=C(CCCCC)C=C3O)O1,298.15
CCO,C[C@@]12C[C@H]([C@H](C(C)C)CC2)C3=C(C=C(CCCCC)C=C3O)O1,298.15
CC(C)O,C[C@@]12C[C@H]([C@H](C(C)C)CC2)C3=C(C=C(CCCCC)C=C3O)O1,298.15
CC(=O)C,C[C@@]12C[C@H]([C@H](C(C)C)CC2)C3=C(C=C(CCCCC)C=C3O)O1,298.15
CC#N,C[C@@]12C[C@H]([C@H](C(C)C)CC2)C3=C(C=C(CCCCC)C=C3O)O1,298.15
CS(=O)C,C[C@@]12C[C@H]([C@H](C(C)C)CC2)C3=C(C=C(CCCCC)C=C3O)O1,298.15
CCC,C[C@@]12C[C@H]([C@H](C(C)C)CC2)C3=C(C=C(CCCCC)C=C3O)O1,298.15
CCCC,C[C@@]12C[C@H]([C@H](C(C)C)CC2)C3=C(C=C(CCCCC)C=C3O)O1,298.15
C(F)(F)C(F)F,C[C@@]12C[C@H]([C@H](C(C)C)CC2)C3=C(C=C(CCCCC)C=C3O)O1,298.15
O=C=O,C[C@@]12C[C@H]([C@H](C(C)C)CC2)C3=C(C=C(CCCCC)C=C3O)O1,298.15
CCCCCCCC(=O)O,C[C@@]12C[C@H]([C@H](C(C)C)CC2)C3=C(C=C(CCCCC)C=C3O)O1,298.15
CCCCCCCCCC(=O)O,C[C@@]12C[C@H]([C@H](C(C)C)CC2)C3=C(C=C(CCCCC)C=C3O)O1,298.15
CCCCCCC,CC1(C)[C@@H]2[H][C@](C[C@@H](C)CC2)([H])C3=C(C=C(CCCCC)C=C3O)O1,298.15
CCCCCC,CC1(C)[C@@H]2[H][C@](C[C@@H](C)CC2)([H])C3=C(C=C(CCCCC)C=C3O)O1,298.15
CO,CC1(C)[C@@H]2[H][C@](C[C@@H](C)CC2)([H])C3=C(C=C(CCCCC)C=C3O)O1,298.15
CCO,CC1(C)[C@@H]2[H][C@](C[C@@H](C)CC2)([H])C3=C(C=C(CCCCC)C=C3O)O1,298.15
CC(C)O,CC1(C)[C@@H]2[H][C@](C[C@@H](C)CC2)([H])C3=C(C=C(CCCCC)C=C3O)O1,298.15
CC(=O)C,CC1(C)[C@@H]2[H][C@](C[C@@H](C)CC2)([H])C3=C(C=C(CCCCC)C=C3O)O1,298.15
CC#N,CC1(C)[C@@H]2[H][C@](C[C@@H](C)CC2)([H])C3=C(C=C(CCCCC)C=C3O)O1,298.15
CS(=O)C,CC1(C)[C@@H]2[H][C@](C[C@@H](C)CC2)([H])C3=C(C=C(CCCCC)C=C3O)O1,298.15
CCC,CC1(C)[C@@H]2[H][C@](C[C@@H](C)CC2)([H])C3=C(C=C(CCCCC)C=C3O)O1,298.15
CCCC,CC1(C)[C@@H]2[H][C@](C[C@@H](C)CC2)([H])C3=C(C=C(CCCCC)C=C3O)O1,298.15
C(F)(F)C(F)F,CC1(C)[C@@H]2[H][C@](C[C@@H](C)CC2)([H])C3=C(C=C(CCCCC)C=C3O)O1,298.15
O=C=O,CC1(C)[C@@H]2[H][C@](C[C@@H](C)CC2)([H])C3=C(C=C(CCCCC)C=C3O)O1,298.15
CCCCCCCC(=O)O,CC1(C)[C@@H]2[H][C@](C[C@@H](C)CC2)([H])C3=C(C=C(CCCCC)C=C3O)O1,298.15
CCCCCCCCCC(=O)O,CC1(C)[C@@H]2[H][C@](C[C@@H](C)CC2)([H])C3=C(C=C(CCCCC)C=C3O)O1,298.15
CCCCCCC,CC1(C)[C@@H]2[H][C@](C[C@H](C)CC2)([H])C3=C(C=C(CCCCC)C=C3O)O1,298.15
CCCCCC,CC1(C)[C@@H]2[H][C@](C[C@H](C)CC2)([H])C3=C(C=C(CCCCC)C=C3O)O1,298.15
CO,CC1(C)[C@@H]2[H][C@](C[C@H](C)CC2)([H])C3=C(C=C(CCCCC)C=C3O)O1,298.15
CCO,CC1(C)[C@@H]2[H][C@](C[C@H](C)CC2)([H])C3=C(C=C(CCCCC)C=C3O)O1,298.15
CC(C)O,CC1(C)[C@@H]2[H][C@](C[C@H](C)CC2)([H])C3=C(C=C(CCCCC)C=C3O)O1,298.15
CC(=O)C,CC1(C)[C@@H]2[H][C@](C[C@H](C)CC2)([H])C3=C(C=C(CCCCC)C=C3O)O1,298.15
CC#N,CC1(C)[C@@H]2[H][C@](C[C@H](C)CC2)([H])C3=C(C=C(CCCCC)C=C3O)O1,298.15
CS(=O)C,CC1(C)[C@@H]2[H][C@](C[C@H](C)CC2)([H])C3=C(C=C(CCCCC)C=C3O)O1,298.15
CCC,CC1(C)[C@@H]2[H][C@](C[C@H](C)CC2)([H])C3=C(C=C(CCCCC)C=C3O)O1,298.15
CCCC,CC1(C)[C@@H]2[H][C@](C[C@H](C)CC2)([H])C3=C(C=C(CCCCC)C=C3O)O1,298.15
C(F)(F)C(F)F,CC1(C)[C@@H]2[H][C@](C[C@H](C)CC2)([H])C3=C(C=C(CCCCC)C=C3O)O1,298.15
O=C=O,CC1(C)[C@@H]2[H][C@](C[C@H](C)CC2)([H])C3=C(C=C(CCCCC)C=C3O)O1,298.15
CCCCCCCC(=O)O,CC1(C)[C@@H]2[H][C@](C[C@H](C)CC2)([H])C3=C(C=C(CCCCC)C=C3O)O1,298.15
CCCCCCCCCC(=O)O,CC1(C)[C@@H]2[H][C@](C[C@H](C)CC2)([H])C3=C(C=C(CCCCC)C=C3O)O1,298.15
